Book-ID,Predicted Rating,User-ID,ISBN,Book-Rating
0553285920,3.6889277662048676,277170,0553285920,9
3551551685,3.463662111153299,276847,3551551685,10
0618045996,3.303229768972629,276998,0618045996,8
2266102621,3.2799509309274293,276929,2266102621,10
3442441080,3.2534070369865193,276847,3442441080,10
